latitude,longitude,temp_c
42.0000,-141.0000,0.0000
42.0000,-139.1837,0.0000
42.0000,-137.3673,0.0000
42.0000,-135.5510,0.0000
42.0000,-133.7347,0.0000
42.0000,-131.9184,0.0000
42.0000,-130.1020,0.0001
42.0000,-128.2857,0.0026
42.0000,-126.4694,0.0342
42.0000,-124.6531,0.1536
42.0000,-122.8367,0.1276
42.0000,-121.0204,-0.0046
42.0000,-119.2041,-0.0053
42.0000,-117.3878,0.0002
42.0000,-115.5714,0.0123
42.0000,-113.7551,0.0481
42.0000,-111.9388,0.0394
42.0000,-110.1224,-0.0012
42.0000,-108.3061,-0.0017
42.0000,-106.4898,-0.0001
42.0000,-104.6735,0.0000
42.0000,-102.8571,0.0000
42.0000,-101.0408,-0.0000
42.0000,-99.2245,-0.0000
42.0000,-97.4082,-0.0001
42.0000,-95.5918,-0.0001
42.0000,-93.7755,0.0000
42.0000,-91.9592,0.0003
42.0000,-90.1429,0.0004
42.0000,-88.3265,-0.0515
42.0000,-86.5102,-0.9121
42.0000,-84.6939,0.7283
42.0000,-82.8776,4.8211
42.0000,-81.0612,15.4356
42.0000,-79.2449,23.9083
42.0000,-77.4286,-22.1773
42.0000,-75.6122,16.9783
42.0000,-73.7959,13.4465
42.0000,-71.9796,-8.0327
42.0000,-70.1633,6.2563
42.0000,-68.3469,3.9927
42.0000,-66.5306,1.1229
42.0000,-64.7143,-0.5515
42.0000,-62.8980,-0.7154
42.0000,-61.0816,-0.0484
42.0000,-59.2653,-0.0490
42.0000,-57.4490,0.0010
42.0000,-55.6327,0.0079
42.0000,-53.8163,0.0120
42.0000,-52.0000,0.0076
42.8367,-141.0000,0.0000
42.8367,-139.1837,0.0000
42.8367,-137.3673,0.0000
42.8367,-135.5510,0.0000
42.8367,-133.7347,0.0000
42.8367,-131.9184,0.0000
42.8367,-130.1020,0.0009
42.8367,-128.2857,0.0307
42.8367,-126.4694,0.3456
42.8367,-124.6531,1.4077
42.8367,-122.8367,1.0567
42.8367,-121.0204,-0.1508
42.8367,-119.2041,-0.0705
42.8367,-117.3878,0.0021
42.8367,-115.5714,0.1493
42.8367,-113.7551,0.5971
42.8367,-111.9388,0.4936
42.8367,-110.1224,-0.0244
42.8367,-108.3061,-0.0225
42.8367,-106.4898,-0.0005
42.8367,-104.6735,0.0004
42.8367,-102.8571,0.0001
42.8367,-101.0408,-0.0001
42.8367,-99.2245,-0.0006
42.8367,-97.4082,-0.0019
42.8367,-95.5918,-0.0009
42.8367,-93.7755,0.0004
42.8367,-91.9592,0.0035
42.8367,-90.1429,0.0093
42.8367,-88.3265,-0.0365
42.8367,-86.5102,-1.0274
42.8367,-84.6939,-2.3562
42.8367,-82.8776,-7.2797
42.8367,-81.0612,-0.3136
42.8367,-79.2449,8.1265
42.8367,-77.4286,-30.2436
42.8367,-75.6122,37.0149
42.8367,-73.7959,21.5486
42.8367,-71.9796,-15.0004
42.8367,-70.1633,16.0848
42.8367,-68.3469,9.1351
42.8367,-66.5306,2.7966
42.8367,-64.7143,-0.1255
42.8367,-62.8980,-0.5103
42.8367,-61.0816,0.0506
42.8367,-59.2653,-0.1179
42.8367,-57.4490,0.0229
42.8367,-55.6327,0.0527
42.8367,-53.8163,0.0765
42.8367,-52.0000,0.0467
43.6735,-141.0000,0.0000
43.6735,-139.1837,0.0000
43.6735,-137.3673,0.0000
43.6735,-135.5510,0.0000
43.6735,-133.7347,0.0000
43.6735,-131.9184,0.0001
43.6735,-130.1020,0.0084
43.6735,-128.2857,0.2598
43.6735,-126.4694,2.4652
43.6735,-124.6531,8.8690
43.6735,-122.8367,5.7465
43.6735,-121.0204,-1.8562
43.6735,-119.2041,-0.6331
43.6735,-117.3878,0.0079
43.6735,-115.5714,1.2390
43.6735,-113.7551,5.0784
43.6735,-111.9388,4.2326
43.6735,-110.1224,-0.2909
43.6735,-108.3061,-0.2016
43.6735,-106.4898,-0.0021
43.6735,-104.6735,0.0049
43.6735,-102.8571,0.0015
43.6735,-101.0408,-0.0006
43.6735,-99.2245,-0.0051
43.6735,-97.4082,-0.0176
43.6735,-95.5918,-0.0085
43.6735,-93.7755,0.0041
43.6735,-91.9592,0.0295
43.6735,-90.1429,0.0783
43.6735,-88.3265,0.0705
43.6735,-86.5102,-0.5872
43.6735,-84.6939,-3.5611
43.6735,-82.8776,-21.8869
43.6735,-81.0612,-25.1985
43.6735,-79.2449,-8.3453
43.6735,-77.4286,-23.7873
43.6735,-75.6122,51.0417
43.6735,-73.7959,23.2322
43.6735,-71.9796,-17.9202
43.6735,-70.1633,25.3243
43.6735,-68.3469,11.1162
43.6735,-66.5306,4.4739
43.6735,-64.7143,1.7832
43.6735,-62.8980,0.9816
43.6735,-61.0816,0.3912
43.6735,-59.2653,-0.0990
43.6735,-57.4490,0.1442
43.6735,-55.6327,0.2523
43.6735,-53.8163,0.3489
43.6735,-52.0000,0.2058
44.5102,-141.0000,0.0000
44.5102,-139.1837,0.0000
44.5102,-137.3673,0.0000
44.5102,-135.5510,0.0000
44.5102,-133.7347,0.0000
44.5102,-131.9184,0.0004
44.5102,-130.1020,0.0544
44.5102,-128.2857,1.5536
44.5102,-126.4694,12.4388
44.5102,-124.6531,38.4031
44.5102,-122.8367,19.8650
44.5102,-121.0204,-13.2318
44.5102,-119.2041,-3.8910
44.5102,-117.3878,-0.0278
44.5102,-115.5714,6.9673
44.5102,-113.7551,29.4811
44.5102,-111.9388,24.7851
44.5102,-110.1224,-2.1989
44.5102,-108.3061,-1.1895
44.5102,-106.4898,0.0121
44.5102,-104.6735,0.0373
44.5102,-102.8571,0.0117
44.5102,-101.0408,-0.0031
44.5102,-99.2245,-0.0315
44.5102,-97.4082,-0.1085
44.5102,-95.5918,-0.0495
44.5102,-93.7755,0.0276
44.5102,-91.9592,0.1730
44.5102,-90.1429,0.4474
44.5102,-88.3265,0.5239
44.5102,-86.5102,0.2924
44.5102,-84.6939,-3.0558
44.5102,-82.8776,-27.7029
44.5102,-81.0612,-34.7895
44.5102,-79.2449,-14.3254
44.5102,-77.4286,-8.9957
44.5102,-75.6122,48.2382
44.5102,-73.7959,16.4138
44.5102,-71.9796,-14.3664
44.5102,-70.1633,18.8066
44.5102,-68.3469,-1.2985
44.5102,-66.5306,4.1280
44.5102,-64.7143,4.9853
44.5102,-62.8980,3.6823
44.5102,-61.0816,1.2355
44.5102,-59.2653,0.3574
44.5102,-57.4490,0.5444
44.5102,-55.6327,0.8667
44.5102,-53.8163,1.1487
44.5102,-52.0000,0.6556
45.3469,-141.0000,0.0000
45.3469,-139.1837,0.0000
45.3469,-137.3673,0.0000
45.3469,-135.5510,0.0000
45.3469,-133.7347,0.0000
45.3469,-131.9184,0.0021
45.3469,-130.1020,0.2496
45.3469,-128.2857,6.5362
45.3469,-126.4694,44.4438
45.3469,-124.6531,114.4278
45.3469,-122.8367,40.3976
45.3469,-121.0204,-59.7355
45.3469,-119.2041,-16.3818
45.3469,-117.3878,-0.4759
45.3469,-115.5714,26.3815
45.3469,-113.7551,116.3539
45.3469,-111.9388,98.7500
45.3469,-110.1224,-10.6644
45.3469,-108.3061,-4.4639
45.3469,-106.4898,0.2256
45.3469,-104.6735,0.2031
45.3469,-102.8571,0.0654
45.3469,-101.0408,-0.0083
45.3469,-99.2245,-0.1244
45.3469,-97.4082,-0.4359
45.3469,-95.5918,-0.1777
45.3469,-93.7755,0.1345
45.3469,-91.9592,0.7055
45.3469,-90.1429,1.7676
45.3469,-88.3265,2.0001
45.3469,-86.5102,1.7063
45.3469,-84.6939,-1.9166
45.3469,-82.8776,-21.0088
45.3469,-81.0612,-19.8573
45.3469,-79.2449,-10.7424
45.3469,-77.4286,5.7602
45.3469,-75.6122,37.7363
45.3469,-73.7959,2.6721
45.3469,-71.9796,-12.3740
45.3469,-70.1633,-9.0333
45.3469,-68.3469,-29.0007
45.3469,-66.5306,1.0748
45.3469,-64.7143,8.2364
45.3469,-62.8980,7.1785
45.3469,-61.0816,3.0519
45.3469,-59.2653,1.5194
45.3469,-57.4490,1.4129
45.3469,-55.6327,2.1477
45.3469,-53.8163,2.7519
45.3469,-52.0000,1.5304
46.1837,-141.0000,0.0000
46.1837,-139.1837,0.0000
46.1837,-137.3673,0.0000
46.1837,-135.5510,0.0000
46.1837,-133.7347,0.0000
46.1837,-131.9184,0.0079
46.1837,-130.1020,0.8166
46.1837,-128.2857,19.2897
46.1837,-126.4694,112.2618
46.1837,-124.6531,235.1473
46.1837,-122.8367,35.6130
46.1837,-121.0204,-176.4891
46.1837,-119.2041,-47.2606
46.1837,-117.3878,-2.5145
46.1837,-115.5714,66.7373
46.1837,-113.7551,310.8663
46.1837,-111.9388,266.7293
46.1837,-110.1224,-33.0323
46.1837,-108.3061,-9.7609
46.1837,-106.4898,1.5009
46.1837,-104.6735,0.7860
46.1837,-102.8571,0.2621
46.1837,-101.0408,0.0135
46.1837,-99.2245,-0.2923
46.1837,-97.4082,-1.0880
46.1837,-95.5918,-0.3302
46.1837,-93.7755,0.4790
46.1837,-91.9592,1.9965
46.1837,-90.1429,4.8003
46.1837,-88.3265,5.2533
46.1837,-86.5102,3.8174
46.1837,-84.6939,-1.0860
46.1837,-82.8776,-13.4713
46.1837,-81.0612,-2.0669
46.1837,-79.2449,-3.8119
46.1837,-77.4286,19.6394
46.1837,-75.6122,33.3865
46.1837,-73.7959,-20.3551
46.1837,-71.9796,-22.3052
46.1837,-70.1633,-36.4709
46.1837,-68.3469,-49.2475
46.1837,-66.5306,-2.3390
46.1837,-64.7143,10.2367
46.1837,-62.8980,11.0009
46.1837,-61.0816,5.4944
46.1837,-59.2653,2.9777
46.1837,-57.4490,2.7035
46.1837,-55.6327,3.8998
46.1837,-53.8163,4.8733
46.1837,-52.0000,2.6663
47.0204,-141.0000,0.0000
47.0204,-139.1837,0.0000
47.0204,-137.3673,0.0000
47.0204,-135.5510,0.0000
47.0204,-133.7347,0.0002
47.0204,-131.9184,0.0237
47.0204,-130.1020,1.9369
47.0204,-128.2857,39.9035
47.0204,-126.4694,199.2935
47.0204,-124.6531,333.6806
47.0204,-122.8367,-29.6449
47.0204,-121.0204,-346.3077
47.0204,-119.2041,-93.3963
47.0204,-117.3878,-7.4610
47.0204,-115.5714,111.5777
47.0204,-113.7551,559.6222
47.0204,-111.9388,486.7792
47.0204,-110.1224,-63.7967
47.0204,-108.3061,-8.4651
47.0204,-106.4898,5.8220
47.0204,-104.6735,2.1835
47.0204,-102.8571,0.7580
47.0204,-101.0408,0.1931
47.0204,-99.2245,-0.2958
47.0204,-97.4082,-1.4671
47.0204,-95.5918,-0.0085
47.0204,-93.7755,1.2425
47.0204,-91.9592,3.8983
47.0204,-90.1429,8.8486
47.0204,-88.3265,9.5591
47.0204,-86.5102,6.0815
47.0204,-84.6939,-0.3856
47.0204,-82.8776,-11.3844
47.0204,-81.0612,1.9227
47.0204,-79.2449,1.4154
47.0204,-77.4286,29.8355
47.0204,-75.6122,34.6388
47.0204,-73.7959,-50.6526
47.0204,-71.9796,-43.6741
47.0204,-70.1633,-39.2811
47.0204,-68.3469,-40.8923
47.0204,-66.5306,-3.7697
47.0204,-64.7143,9.8566
47.0204,-62.8980,12.9974
47.0204,-61.0816,6.6168
47.0204,-59.2653,4.0194
47.0204,-57.4490,4.1010
47.0204,-55.6327,5.3861
47.0204,-53.8163,6.5754
47.0204,-52.0000,3.5519
47.8571,-141.0000,0.0000
47.8571,-139.1837,0.0000
47.8571,-137.3673,0.0000
47.8571,-135.5510,0.0001
47.8571,-133.7347,0.0016
47.8571,-131.9184,0.0582
47.8571,-130.1020,3.4115
47.8571,-128.2857,57.8746
47.8571,-126.4694,245.2744
47.8571,-124.6531,323.5978
47.8571,-122.8367,-124.0072
47.8571,-121.0204,-455.1903
47.8571,-119.2041,-126.4067
47.8571,-117.3878,-13.8738
47.8571,-115.5714,121.1096
47.8571,-113.7551,675.4100
47.8571,-111.9388,598.7659
47.8571,-110.1224,-71.9212
47.8571,-108.3061,12.2896
47.8571,-106.4898,14.4627
47.8571,-104.6735,4.4086
47.8571,-102.8571,1.6017
47.8571,-101.0408,0.7413
47.8571,-99.2245,0.3578
47.8571,-97.4082,-0.3325
47.8571,-95.5918,1.4061
47.8571,-93.7755,2.3297
47.8571,-91.9592,5.2228
47.8571,-90.1429,10.8276
47.8571,-88.3265,11.9475
47.8571,-86.5102,7.1853
47.8571,-84.6939,0.6633
47.8571,-82.8776,-8.9799
47.8571,-81.0612,-0.5088
47.8571,-79.2449,3.4329
47.8571,-77.4286,30.8286
47.8571,-75.6122,34.0991
47.8571,-73.7959,-70.1029
47.8571,-71.9796,-63.6563
47.8571,-70.1633,-26.0546
47.8571,-68.3469,-17.5251
47.8571,-66.5306,-4.1955
47.8571,-64.7143,6.8748
47.8571,-62.8980,11.0574
47.8571,-61.0816,5.3282
47.8571,-59.2653,4.7500
47.8571,-57.4490,5.2942
47.8571,-55.6327,6.0302
47.8571,-53.8163,7.0902
47.8571,-52.0000,3.7158
48.6939,-141.0000,0.0000
48.6939,-139.1837,0.0000
48.6939,-137.3673,0.0000
48.6939,-135.5510,0.0013
48.6939,-133.7347,0.0116
48.6939,-131.9184,0.1277
48.6939,-130.1020,4.5803
48.6939,-128.2857,58.4526
48.6939,-126.4694,201.4371
48.6939,-124.6531,197.5443
48.6939,-122.8367,-181.6756
48.6939,-121.0204,-407.1288
48.6939,-119.2041,-117.4230
48.6939,-117.3878,-16.5934
48.6939,-115.5714,82.2546
48.6939,-113.7551,543.6696
48.6939,-111.9388,496.2745
48.6939,-110.1224,-37.4233
48.6939,-108.3061,43.6357
48.6939,-106.4898,23.5476
48.6939,-104.6735,6.5847
48.6939,-102.8571,2.5267
48.6939,-101.0408,1.6472
48.6939,-99.2245,1.7832
48.6939,-97.4082,2.2931
48.6939,-95.5918,3.1948
48.6939,-93.7755,3.1121
48.6939,-91.9592,4.8015
48.6939,-90.1429,8.4140
48.6939,-88.3265,10.2610
48.6939,-86.5102,6.4279
48.6939,-84.6939,1.7270
48.6939,-82.8776,-3.6862
48.6939,-81.0612,-0.3547
48.6939,-79.2449,3.4130
48.6939,-77.4286,23.2521
48.6939,-75.6122,28.7963
48.6939,-73.7959,-63.9918
48.6939,-71.9796,-70.1649
48.6939,-70.1633,-21.2183
48.6939,-68.3469,-7.5149
48.6939,-66.5306,-5.8373
48.6939,-64.7143,3.0406
48.6939,-62.8980,6.9496
48.6939,-61.0816,3.3261
48.6939,-59.2653,5.5362
48.6939,-57.4490,5.8663
48.6939,-55.6327,5.7877
48.6939,-53.8163,6.3826
48.6939,-52.0000,3.1114
49.5306,-141.0000,0.0000
49.5306,-139.1837,0.0000
49.5306,-137.3673,0.0004
49.5306,-135.5510,0.0090
49.5306,-133.7347,0.0674
49.5306,-131.9184,0.2931
49.5306,-130.1020,4.8296
49.5306,-128.2857,39.3512
49.5306,-126.4694,94.3794
49.5306,-124.6531,29.3240
49.5306,-122.8367,-214.2906
49.5306,-121.0204,-265.9922
49.5306,-119.2041,-76.4392
49.5306,-117.3878,-12.6458
49.5306,-115.5714,31.5943
49.5306,-113.7551,290.7404
49.5306,-111.9388,278.3952
49.5306,-110.1224,5.0532
49.5306,-108.3061,50.4310
49.5306,-106.4898,24.7382
49.5306,-104.6735,7.4781
49.5306,-102.8571,3.0900
49.5306,-101.0408,2.4756
49.5306,-99.2245,3.4237
49.5306,-97.4082,4.3764
49.5306,-95.5918,3.2159
49.5306,-93.7755,2.8516
49.5306,-91.9592,3.1185
49.5306,-90.1429,3.7183
49.5306,-88.3265,6.2737
49.5306,-86.5102,4.6136
49.5306,-84.6939,2.2568
49.5306,-82.8776,1.2056
49.5306,-81.0612,1.6950
49.5306,-79.2449,2.5653
49.5306,-77.4286,13.2404
49.5306,-75.6122,19.6548
49.5306,-73.7959,-42.8092
49.5306,-71.9796,-62.1516
49.5306,-70.1633,-26.3121
49.5306,-68.3469,-13.1212
49.5306,-66.5306,-7.6925
49.5306,-64.7143,0.6919
49.5306,-62.8980,4.0141
49.5306,-61.0816,2.3432
49.5306,-59.2653,5.6853
49.5306,-57.4490,5.2350
49.5306,-55.6327,4.7611
49.5306,-53.8163,4.7861
49.5306,-52.0000,2.0780
50.3673,-141.0000,0.0000
50.3673,-139.1837,0.0000
50.3673,-137.3673,0.0021
50.3673,-135.5510,0.0467
50.3673,-133.7347,0.2965
50.3673,-131.9184,0.7673
50.3673,-130.1020,4.3263
50.3673,-128.2857,14.4176
50.3673,-126.4694,-2.3650
50.3673,-124.6531,-102.2985
50.3673,-122.8367,-264.8154
50.3673,-121.0204,-163.5286
50.3673,-119.2041,-40.4347
50.3673,-117.3878,-8.2724
50.3673,-115.5714,4.0156
50.3673,-113.7551,104.5545
50.3673,-111.9388,107.3011
50.3673,-110.1224,11.9433
50.3673,-108.3061,19.0351
50.3673,-106.4898,15.7367
50.3673,-104.6735,6.8017
50.3673,-102.8571,3.1172
50.3673,-101.0408,2.8030
50.3673,-99.2245,4.8286
50.3673,-97.4082,4.7373
50.3673,-95.5918,0.7432
50.3673,-93.7755,1.5485
50.3673,-91.9592,1.6172
50.3673,-90.1429,0.6034
50.3673,-88.3265,3.1137
50.3673,-86.5102,2.8929
50.3673,-84.6939,2.0657
50.3673,-82.8776,3.2702
50.3673,-81.0612,2.8159
50.3673,-79.2449,1.5281
50.3673,-77.4286,5.6656
50.3673,-75.6122,10.0034
50.3673,-73.7959,-23.8964
50.3673,-71.9796,-44.5141
50.3673,-70.1633,-25.5601
50.3673,-68.3469,-16.5668
50.3673,-66.5306,-6.7654
50.3673,-64.7143,0.3534
50.3673,-62.8980,2.8182
50.3673,-61.0816,2.0538
50.3673,-59.2653,4.5209
50.3673,-57.4490,3.5940
50.3673,-55.6327,3.3231
50.3673,-53.8163,2.8626
50.3673,-52.0000,1.0727
51.2041,-141.0000,0.0000
51.2041,-139.1837,0.0001
51.2041,-137.3673,0.0086
51.2041,-135.5510,0.1766
51.2041,-133.7347,0.9669
51.2041,-131.9184,1.9668
51.2041,-130.1020,4.1814
51.2041,-128.2857,-0.5839
51.2041,-126.4694,-43.2059
51.2041,-124.6531,-149.7828
51.2041,-122.8367,-288.9985
51.2041,-121.0204,-127.1847
51.2041,-119.2041,-29.0251
51.2041,-117.3878,-12.3651
51.2041,-115.5714,-0.5047
51.2041,-113.7551,30.0964
51.2041,-111.9388,29.8410
51.2041,-110.1224,-7.4572
51.2041,-108.3061,-18.4267
51.2041,-106.4898,5.3339
51.2041,-104.6735,5.4671
51.2041,-102.8571,2.8175
51.2041,-101.0408,2.6788
51.2041,-99.2245,5.7408
51.2041,-97.4082,4.2997
51.2041,-95.5918,-2.1251
51.2041,-93.7755,0.0409
51.2041,-91.9592,0.8337
51.2041,-90.1429,-0.0547
51.2041,-88.3265,1.5944
51.2041,-86.5102,1.6519
51.2041,-84.6939,1.3752
51.2041,-82.8776,2.8432
51.2041,-81.0612,2.4914
51.2041,-79.2449,0.7911
51.2041,-77.4286,1.7346
51.2041,-75.6122,3.5287
51.2041,-73.7959,-11.7907
51.2041,-71.9796,-24.4817
51.2041,-70.1633,-15.7269
51.2041,-68.3469,-11.3453
51.2041,-66.5306,-3.4585
51.2041,-64.7143,0.7212
51.2041,-62.8980,2.0792
51.2041,-61.0816,1.6969
51.2041,-59.2653,2.7767
51.2041,-57.4490,2.0241
51.2041,-55.6327,2.1192
51.2041,-53.8163,1.3513
51.2041,-52.0000,0.4087
52.0408,-141.0000,0.0000
52.0408,-139.1837,0.0003
52.0408,-137.3673,0.0253
52.0408,-135.5510,0.4863
52.0408,-133.7347,2.3261
52.0408,-131.9184,4.1127
52.0408,-130.1020,5.4059
52.0408,-128.2857,-1.8373
52.0408,-126.4694,-35.6883
52.0408,-124.6531,-113.5405
52.0408,-122.8367,-225.2952
52.0408,-121.0204,-101.9548
52.0408,-119.2041,-32.2206
52.0408,-117.3878,-19.7714
52.0408,-115.5714,6.6224
52.0408,-113.7551,16.3688
52.0408,-111.9388,8.4835
52.0408,-110.1224,-19.4072
52.0408,-108.3061,-30.1607
52.0408,-106.4898,1.7588
52.0408,-104.6735,4.3576
52.0408,-102.8571,2.4303
52.0408,-101.0408,2.3789
52.0408,-99.2245,5.5516
52.0408,-97.4082,3.6675
52.0408,-95.5918,-3.1490
52.0408,-93.7755,-0.8429
52.0408,-91.9592,0.4131
52.0408,-90.1429,0.2161
52.0408,-88.3265,0.9246
52.0408,-86.5102,0.8405
52.0408,-84.6939,0.6619
52.0408,-82.8776,1.5502
52.0408,-81.0612,1.5429
52.0408,-79.2449,0.4606
52.0408,-77.4286,0.4015
52.0408,-75.6122,0.8466
52.0408,-73.7959,-4.7472
52.0408,-71.9796,-9.9119
52.0408,-70.1633,-6.1758
52.0408,-68.3469,-4.5542
52.0408,-66.5306,-0.8192
52.0408,-64.7143,0.6903
52.0408,-62.8980,1.2522
52.0408,-61.0816,1.2941
52.0408,-59.2653,1.5350
52.0408,-57.4490,1.1127
52.0408,-55.6327,1.3414
52.0408,-53.8163,0.5577
52.0408,-52.0000,0.1115
52.8776,-141.0000,0.0000
52.8776,-139.1837,0.0006
52.8776,-137.3673,0.0526
52.8776,-135.5510,0.9675
52.8776,-133.7347,4.1216
52.8776,-131.9184,6.4832
52.8776,-130.1020,7.4376
52.8776,-128.2857,3.2058
52.8776,-126.4694,-13.2300
52.8776,-124.6531,-47.5489
52.8776,-122.8367,-112.9118
52.8776,-121.0204,-62.5268
52.8776,-119.2041,-31.8838
52.8776,-117.3878,-17.8995
52.8776,-115.5714,15.8572
52.8776,-113.7551,21.0016
52.8776,-111.9388,10.8081
52.8776,-110.1224,-12.1305
52.8776,-108.3061,-19.7410
52.8776,-106.4898,3.2713
52.8776,-104.6735,3.4447
52.8776,-102.8571,1.9790
52.8776,-101.0408,1.9498
52.8776,-99.2245,4.0960
52.8776,-97.4082,2.5672
52.8776,-95.5918,-2.4096
52.8776,-93.7755,-0.9709
52.8776,-91.9592,0.1175
52.8776,-90.1429,0.3355
52.8776,-88.3265,0.5211
52.8776,-86.5102,0.3703
52.8776,-84.6939,0.2312
52.8776,-82.8776,0.5880
52.8776,-81.0612,0.7232
52.8776,-79.2449,0.3253
52.8776,-77.4286,0.2001
52.8776,-75.6122,0.2133
52.8776,-73.7959,-1.3620
52.8776,-71.9796,-3.0051
52.8776,-70.1633,-1.6905
52.8776,-68.3469,-1.1152
52.8776,-66.5306,0.0238
52.8776,-64.7143,0.3162
52.8776,-62.8980,0.6031
52.8776,-61.0816,1.0481
52.8776,-59.2653,0.9793
52.8776,-57.4490,0.6334
52.8776,-55.6327,0.7733
52.8776,-53.8163,0.2337
52.8776,-52.0000,0.0232
53.7143,-141.0000,0.0000
53.7143,-139.1837,0.0009
53.7143,-137.3673,0.0778
53.7143,-135.5510,1.3826
53.7143,-133.7347,5.3637
53.7143,-131.9184,7.5804
53.7143,-130.1020,8.4568
53.7143,-128.2857,6.7942
53.7143,-126.4694,1.0862
53.7143,-124.6531,-5.2123
53.7143,-122.8367,-30.8661
53.7143,-121.0204,-26.0587
53.7143,-119.2041,-22.2417
53.7143,-117.3878,-8.6679
53.7143,-115.5714,17.8686
53.7143,-113.7551,34.7550
53.7143,-111.9388,30.7717
53.7143,-110.1224,8.7637
53.7143,-108.3061,-4.4671
53.7143,-106.4898,4.3098
53.7143,-104.6735,2.3516
53.7143,-102.8571,1.3993
53.7143,-101.0408,1.1562
53.7143,-99.2245,2.1373
53.7143,-97.4082,1.2906
53.7143,-95.5918,-1.3110
53.7143,-93.7755,-0.7284
53.7143,-91.9592,-0.0355
53.7143,-90.1429,0.2321
53.7143,-88.3265,0.2176
53.7143,-86.5102,0.1126
53.7143,-84.6939,0.0560
53.7143,-82.8776,0.1630
53.7143,-81.0612,0.2658
53.7143,-79.2449,0.2283
53.7143,-77.4286,0.2266
53.7143,-75.6122,0.1495
53.7143,-73.7959,-0.1798
53.7143,-71.9796,-0.7292
53.7143,-70.1633,-0.4192
53.7143,-68.3469,-0.2177
53.7143,-66.5306,-0.0226
53.7143,-64.7143,0.0200
53.7143,-62.8980,0.2999
53.7143,-61.0816,0.8934
53.7143,-59.2653,0.7202
53.7143,-57.4490,0.3284
53.7143,-55.6327,0.3487
53.7143,-53.8163,0.0940
53.7143,-52.0000,0.0049
54.5510,-141.0000,0.0000
54.5510,-139.1837,0.0013
54.5510,-137.3673,0.0836
54.5510,-135.5510,1.4137
54.5510,-133.7347,5.1092
54.5510,-131.9184,6.6996
54.5510,-130.1020,7.6909
54.5510,-128.2857,7.1026
54.5510,-126.4694,4.9681
54.5510,-124.6531,6.2370
54.5510,-122.8367,0.5085
54.5510,-121.0204,-6.0121
54.5510,-119.2041,-10.1523
54.5510,-117.3878,-2.2032
54.5510,-115.5714,15.1373
54.5510,-113.7551,62.5801
54.5510,-111.9388,66.5587
54.5510,-110.1224,33.8399
54.5510,-108.3061,7.3058
54.5510,-106.4898,3.2307
54.5510,-104.6735,1.1392
54.5510,-102.8571,0.7616
54.5510,-101.0408,-0.1000
54.5510,-99.2245,0.3380
54.5510,-97.4082,0.3717
54.5510,-95.5918,-0.6993
54.5510,-93.7755,-0.4971
54.5510,-91.9592,-0.0706
54.5510,-90.1429,0.0921
54.5510,-88.3265,-0.0167
54.5510,-86.5102,-0.0478
54.5510,-84.6939,-0.0018
54.5510,-82.8776,0.0340
54.5510,-81.0612,0.0790
54.5510,-79.2449,0.1386
54.5510,-77.4286,0.1927
54.5510,-75.6122,0.1221
54.5510,-73.7959,0.0726
54.5510,-71.9796,-0.1450
54.5510,-70.1633,-0.1257
54.5510,-68.3469,-0.1080
54.5510,-66.5306,-0.1496
54.5510,-64.7143,-0.0720
54.5510,-62.8980,0.2623
54.5510,-61.0816,0.7581
54.5510,-59.2653,0.5014
54.5510,-57.4490,0.1435
54.5510,-55.6327,0.1138
54.5510,-53.8163,0.0302
54.5510,-52.0000,0.0013
55.3878,-141.0000,0.0000
55.3878,-139.1837,0.0035
55.3878,-137.3673,0.0778
55.3878,-135.5510,1.0451
55.3878,-133.7347,3.5737
55.3878,-131.9184,4.8975
55.3878,-130.1020,6.5353
55.3878,-128.2857,5.9334
55.3878,-126.4694,4.2619
55.3878,-124.6531,4.4661
55.3878,-122.8367,4.6352
55.3878,-121.0204,0.6847
55.3878,-119.2041,-2.4635
55.3878,-117.3878,-0.3340
55.3878,-115.5714,15.8275
55.3878,-113.7551,92.0708
55.3878,-111.9388,96.9037
55.3878,-110.1224,48.5848
55.3878,-108.3061,13.0916
55.3878,-106.4898,1.7383
55.3878,-104.6735,0.1082
55.3878,-102.8571,0.3425
55.3878,-101.0408,-1.2138
55.3878,-99.2245,-1.0189
55.3878,-97.4082,-0.1620
55.3878,-95.5918,-0.5776
55.3878,-93.7755,-0.4253
55.3878,-91.9592,-0.0759
55.3878,-90.1429,-0.0023
55.3878,-88.3265,-0.1703
55.3878,-86.5102,-0.1482
55.3878,-84.6939,-0.0221
55.3878,-82.8776,0.0050
55.3878,-81.0612,0.0195
55.3878,-79.2449,0.0651
55.3878,-77.4286,0.1073
55.3878,-75.6122,0.0608
55.3878,-73.7959,0.0221
55.3878,-71.9796,-0.0582
55.3878,-70.1633,-0.0466
55.3878,-68.3469,-0.0897
55.3878,-66.5306,-0.1619
55.3878,-64.7143,-0.0413
55.3878,-62.8980,0.3628
55.3878,-61.0816,0.6983
55.3878,-59.2653,0.3256
55.3878,-57.4490,0.0551
55.3878,-55.6327,0.0264
55.3878,-53.8163,0.0070
55.3878,-52.0000,0.0003
56.2245,-141.0000,-0.0001
56.2245,-139.1837,0.0122
56.2245,-137.3673,0.1141
56.2245,-135.5510,0.6231
56.2245,-133.7347,1.9011
56.2245,-131.9184,3.6901
56.2245,-130.1020,6.5518
56.2245,-128.2857,4.9358
56.2245,-126.4694,2.7297
56.2245,-124.6531,1.4845
56.2245,-122.8367,2.0608
56.2245,-121.0204,1.4214
56.2245,-119.2041,0.2909
56.2245,-117.3878,0.0045
56.2245,-115.5714,16.5611
56.2245,-113.7551,93.8888
56.2245,-111.9388,94.2389
56.2245,-110.1224,43.0563
56.2245,-108.3061,12.0557
56.2245,-106.4898,1.0394
56.2245,-104.6735,-0.6206
56.2245,-102.8571,0.4037
56.2245,-101.0408,-1.1339
56.2245,-99.2245,-1.4965
56.2245,-97.4082,-0.4461
56.2245,-95.5918,-0.6504
56.2245,-93.7755,-0.4808
56.2245,-91.9592,-0.1010
56.2245,-90.1429,-0.0438
56.2245,-88.3265,-0.2194
56.2245,-86.5102,-0.1770
56.2245,-84.6939,-0.0268
56.2245,-82.8776,-0.0001
56.2245,-81.0612,0.0028
56.2245,-79.2449,0.0142
56.2245,-77.4286,0.0294
56.2245,-75.6122,-0.0055
56.2245,-73.7959,-0.1177
56.2245,-71.9796,-0.1318
56.2245,-70.1633,-0.0324
56.2245,-68.3469,-0.0528
56.2245,-66.5306,-0.1040
56.2245,-64.7143,0.0149
56.2245,-62.8980,0.4609
56.2245,-61.0816,0.6897
56.2245,-59.2653,0.2267
56.2245,-57.4490,0.0216
56.2245,-55.6327,0.0044
56.2245,-53.8163,0.0011
56.2245,-52.0000,0.0001
57.0612,-141.0000,-0.0022
57.0612,-139.1837,0.0300
57.0612,-137.3673,0.2745
57.0612,-135.5510,0.4999
57.0612,-133.7347,0.8754
57.0612,-131.9184,3.0483
57.0612,-130.1020,6.6061
57.0612,-128.2857,4.0349
57.0612,-126.4694,1.4571
57.0612,-124.6531,0.0688
57.0612,-122.8367,0.0609
57.0612,-121.0204,0.6588
57.0612,-119.2041,0.5240
57.0612,-117.3878,-0.1535
57.0612,-115.5714,11.4952
57.0612,-113.7551,63.4690
57.0612,-111.9388,61.3345
57.0612,-110.1224,25.0408
57.0612,-108.3061,7.0907
57.0612,-106.4898,0.8308
57.0612,-104.6735,-0.9832
57.0612,-102.8571,0.7472
57.0612,-101.0408,0.1864
57.0612,-99.2245,-0.9988
57.0612,-97.4082,-0.6400
57.0612,-95.5918,-0.7392
57.0612,-93.7755,-0.5973
57.0612,-91.9592,-0.1518
57.0612,-90.1429,-0.0472
57.0612,-88.3265,-0.1749
57.0612,-86.5102,-0.1386
57.0612,-84.6939,-0.0210
57.0612,-82.8776,-0.0006
57.0612,-81.0612,-0.0029
57.0612,-79.2449,-0.0181
57.0612,-77.4286,-0.0215
57.0612,-75.6122,-0.0591
57.0612,-73.7959,-0.2663
57.0612,-71.9796,-0.2445
57.0612,-70.1633,-0.0399
57.0612,-68.3469,-0.0142
57.0612,-66.5306,-0.0422
57.0612,-64.7143,0.0428
57.0612,-62.8980,0.4371
57.0612,-61.0816,0.5986
57.0612,-59.2653,0.1647
57.0612,-57.4490,0.0103
57.0612,-55.6327,0.0006
57.0612,-53.8163,0.0001
57.0612,-52.0000,0.0000
57.8980,-141.0000,-0.0137
57.8980,-139.1837,0.0329
57.8980,-137.3673,0.5815
57.8980,-135.5510,0.7531
57.8980,-133.7347,0.4299
57.8980,-131.9184,1.6839
57.8980,-130.1020,3.8209
57.8980,-128.2857,2.1196
57.8980,-126.4694,0.5503
57.8980,-124.6531,-0.3718
57.8980,-122.8367,-0.7847
57.8980,-121.0204,-0.1424
57.8980,-119.2041,0.0266
57.8980,-117.3878,-0.7534
57.8980,-115.5714,4.0962
57.8980,-113.7551,27.8284
57.8980,-111.9388,26.4678
57.8980,-110.1224,9.3796
57.8980,-108.3061,2.5660
57.8980,-106.4898,0.5863
57.8980,-104.6735,-0.9278
57.8980,-102.8571,0.8215
57.8980,-101.0408,1.3153
57.8980,-99.2245,-0.3797
57.8980,-97.4082,-1.0006
57.8980,-95.5918,-0.8496
57.8980,-93.7755,-0.7506
57.8980,-91.9592,-0.2205
57.8980,-90.1429,-0.0360
57.8980,-88.3265,-0.0958
57.8980,-86.5102,-0.0754
57.8980,-84.6939,-0.0114
57.8980,-82.8776,-0.0005
57.8980,-81.0612,-0.0057
57.8980,-79.2449,-0.0369
57.8980,-77.4286,-0.0500
57.8980,-75.6122,-0.1006
57.8980,-73.7959,-0.3786
57.8980,-71.9796,-0.3212
57.8980,-70.1633,-0.0465
57.8980,-68.3469,0.0083
57.8980,-66.5306,-0.0071
57.8980,-64.7143,0.0373
57.8980,-62.8980,0.2956
57.8980,-61.0816,0.3944
57.8980,-59.2653,0.1023
57.8980,-57.4490,0.0054
57.8980,-55.6327,0.0001
57.8980,-53.8163,0.0000
57.8980,-52.0000,0.0000
58.7347,-141.0000,-0.0508
58.7347,-139.1837,-0.0542
58.7347,-137.3673,0.8736
58.7347,-135.5510,1.1557
58.7347,-133.7347,0.2165
58.7347,-131.9184,-0.5124
58.7347,-130.1020,-1.4583
58.7347,-128.2857,-0.6823
58.7347,-126.4694,-0.1131
58.7347,-124.6531,-0.6491
58.7347,-122.8367,-1.3435
58.7347,-121.0204,-0.8504
58.7347,-119.2041,-0.5175
58.7347,-117.3878,-1.4050
58.7347,-115.5714,-0.4872
58.7347,-113.7551,7.1854
58.7347,-111.9388,6.9038
58.7347,-110.1224,1.5951
58.7347,-108.3061,0.1424
58.7347,-106.4898,0.2236
58.7347,-104.6735,-0.6167
58.7347,-102.8571,0.4444
58.7347,-101.0408,1.1390
58.7347,-99.2245,-0.4590
58.7347,-97.4082,-1.4788
58.7347,-95.5918,-0.9752
58.7347,-93.7755,-0.9252
58.7347,-91.9592,-0.2936
58.7347,-90.1429,-0.0274
58.7347,-88.3265,-0.0369
58.7347,-86.5102,-0.0289
58.7347,-84.6939,-0.0047
58.7347,-82.8776,-0.0009
58.7347,-81.0612,-0.0064
58.7347,-79.2449,-0.0406
58.7347,-77.4286,-0.0595
58.7347,-75.6122,-0.1524
58.7347,-73.7959,-0.4851
58.7347,-71.9796,-0.3528
58.7347,-70.1633,-0.0462
58.7347,-68.3469,0.0129
58.7347,-66.5306,0.0037
58.7347,-64.7143,0.0197
58.7347,-62.8980,0.1411
58.7347,-61.0816,0.1870
58.7347,-59.2653,0.0477
58.7347,-57.4490,0.0024
58.7347,-55.6327,0.0000
58.7347,-53.8163,0.0000
58.7347,-52.0000,0.0000
59.5714,-141.0000,-0.1289
59.5714,-139.1837,-0.3033
59.5714,-137.3673,0.8633
59.5714,-135.5510,1.3151
59.5714,-133.7347,0.0399
59.5714,-131.9184,-1.9950
59.5714,-130.1020,-5.0465
59.5714,-128.2857,-2.6158
59.5714,-126.4694,-0.6426
59.5714,-124.6531,-1.0812
59.5714,-122.8367,-2.0265
59.5714,-121.0204,-1.5618
59.5714,-119.2041,-1.0054
59.5714,-117.3878,-1.9343
59.5714,-115.5714,-2.0748
59.5714,-113.7551,0.0849
59.5714,-111.9388,0.0951
59.5714,-110.1224,-0.8858
59.5714,-108.3061,-0.7207
59.5714,-106.4898,-0.0912
59.5714,-104.6735,-0.3396
59.5714,-102.8571,-0.0718
59.5714,-101.0408,0.0673
59.5714,-99.2245,-0.9702
59.5714,-97.4082,-1.6295
59.5714,-95.5918,-1.0334
59.5714,-93.7755,-1.1011
59.5714,-91.9592,-0.3609
59.5714,-90.1429,-0.0256
59.5714,-88.3265,-0.0102
59.5714,-86.5102,-0.0082
59.5714,-84.6939,-0.0043
59.5714,-82.8776,-0.0048
59.5714,-81.0612,-0.0060
59.5714,-79.2449,-0.0309
59.5714,-77.4286,-0.0553
59.5714,-75.6122,-0.2500
59.5714,-73.7959,-0.6922
59.5714,-71.9796,-0.4092
59.5714,-70.1633,-0.0489
59.5714,-68.3469,0.0034
59.5714,-66.5306,0.0020
59.5714,-64.7143,0.0069
59.5714,-62.8980,0.0475
59.5714,-61.0816,0.0628
59.5714,-59.2653,0.0160
59.5714,-57.4490,0.0008
59.5714,-55.6327,0.0000
59.5714,-53.8163,0.0000
59.5714,-52.0000,0.0000
60.4082,-141.0000,-0.2420
60.4082,-139.1837,-0.6739
60.4082,-137.3673,0.4364
60.4082,-135.5510,0.9771
60.4082,-133.7347,-0.1983
60.4082,-131.9184,-1.9907
60.4082,-130.1020,-4.8421
60.4082,-128.2857,-2.8403
60.4082,-126.4694,-1.1139
60.4082,-124.6531,-1.5692
60.4082,-122.8367,-2.6699
60.4082,-121.0204,-2.1838
60.4082,-119.2041,-1.4573
60.4082,-117.3878,-2.4430
60.4082,-115.5714,-2.5582
60.4082,-113.7551,-1.5260
60.4082,-111.9388,-1.3279
60.4082,-110.1224,-1.1965
60.4082,-108.3061,-0.7703
60.4082,-106.4898,-0.2715
60.4082,-104.6735,-0.2861
60.4082,-102.8571,-0.4514
60.4082,-101.0408,-0.9177
60.4082,-99.2245,-1.2261
60.4082,-97.4082,-1.2783
60.4082,-95.5918,-0.9975
60.4082,-93.7755,-1.2284
60.4082,-91.9592,-0.4059
60.4082,-90.1429,-0.0272
60.4082,-88.3265,-0.0027
60.4082,-86.5102,-0.0040
60.4082,-84.6939,-0.0187
60.4082,-82.8776,-0.0271
60.4082,-81.0612,-0.0101
60.4082,-79.2449,-0.0170
60.4082,-77.4286,-0.0482
60.4082,-75.6122,-0.3797
60.4082,-73.7959,-0.9925
60.4082,-71.9796,-0.5192
60.4082,-70.1633,-0.0675
60.4082,-68.3469,-0.0261
60.4082,-66.5306,-0.0089
60.4082,-64.7143,0.0010
60.4082,-62.8980,0.0113
60.4082,-61.0816,0.0149
60.4082,-59.2653,0.0038
60.4082,-57.4490,0.0002
60.4082,-55.6327,0.0000
60.4082,-53.8163,0.0000
60.4082,-52.0000,0.0000
61.2449,-141.0000,-0.3768
61.2449,-139.1837,-1.0606
61.2449,-137.3673,-0.2180
61.2449,-135.5510,0.2690
61.2449,-133.7347,-0.5130
61.2449,-131.9184,-1.3671
61.2449,-130.1020,-2.9676
61.2449,-128.2857,-2.2930
61.2449,-126.4694,-1.4985
61.2449,-124.6531,-1.8009
61.2449,-122.8367,-2.8490
61.2449,-121.0204,-2.4201
61.2449,-119.2041,-1.7863
61.2449,-117.3878,-2.9556
61.2449,-115.5714,-2.9065
61.2449,-113.7551,-1.9602
61.2449,-111.9388,-1.2782
61.2449,-110.1224,-0.8462
61.2449,-108.3061,-0.5186
61.2449,-106.4898,-0.4441
61.2449,-104.6735,-0.5482
61.2449,-102.8571,-0.6755
61.2449,-101.0408,-1.3043
61.2449,-99.2245,-1.0616
61.2449,-97.4082,-0.7960
61.2449,-95.5918,-0.9416
61.2449,-93.7755,-1.2002
61.2449,-91.9592,-0.3894
61.2449,-90.1429,-0.0299
61.2449,-88.3265,-0.0048
61.2449,-86.5102,-0.0108
61.2449,-84.6939,-0.0758
61.2449,-82.8776,-0.1109
61.2449,-81.0612,-0.0321
61.2449,-79.2449,-0.0084
61.2449,-77.4286,-0.0419
61.2449,-75.6122,-0.4495
61.2449,-73.7959,-1.1554
61.2449,-71.9796,-0.5832
61.2449,-70.1633,-0.1093
61.2449,-68.3469,-0.1015
61.2449,-66.5306,-0.0365
61.2449,-64.7143,-0.0023
61.2449,-62.8980,0.0018
61.2449,-61.0816,0.0025
61.2449,-59.2653,0.0006
61.2449,-57.4490,0.0000
61.2449,-55.6327,0.0000
61.2449,-53.8163,0.0000
61.2449,-52.0000,0.0000
62.0816,-141.0000,-0.5544
62.0816,-139.1837,-1.4793
62.0816,-137.3673,-0.8241
62.0816,-135.5510,-0.3875
62.0816,-133.7347,-0.7444
62.0816,-131.9184,-0.9749
62.0816,-130.1020,-1.7369
62.0816,-128.2857,-1.8907
62.0816,-126.4694,-1.6628
62.0816,-124.6531,-1.6334
62.0816,-122.8367,-2.4091
62.0816,-121.0204,-2.0995
62.0816,-119.2041,-1.8845
62.0816,-117.3878,-3.3708
62.0816,-115.5714,-3.1183
62.0816,-113.7551,-2.1219
62.0816,-111.9388,-0.9919
62.0816,-110.1224,-0.4748
62.0816,-108.3061,-0.3095
62.0816,-106.4898,-0.7660
62.0816,-104.6735,-1.1417
62.0816,-102.8571,-0.8818
62.0816,-101.0408,-1.1766
62.0816,-99.2245,-0.7235
62.0816,-97.4082,-0.5943
62.0816,-95.5918,-1.0107
62.0816,-93.7755,-0.9987
62.0816,-91.9592,-0.3001
62.0816,-90.1429,-0.0469
62.0816,-88.3265,-0.0244
62.0816,-86.5102,-0.0325
62.0816,-84.6939,-0.2192
62.0816,-82.8776,-0.3205
62.0816,-81.0612,-0.0904
62.0816,-79.2449,-0.0075
62.0816,-77.4286,-0.0338
62.0816,-75.6122,-0.3871
62.0816,-73.7959,-0.9868
62.0816,-71.9796,-0.5008
62.0816,-70.1633,-0.1751
62.0816,-68.3469,-0.2449
62.0816,-66.5306,-0.0889
62.0816,-64.7143,-0.0062
62.0816,-62.8980,0.0001
62.0816,-61.0816,0.0003
62.0816,-59.2653,0.0001
62.0816,-57.4490,0.0000
62.0816,-55.6327,0.0000
62.0816,-53.8163,0.0000
62.0816,-52.0000,0.0000
62.9184,-141.0000,-0.7868
62.9184,-139.1837,-1.9790
62.9184,-137.3673,-1.2217
62.9184,-135.5510,-0.6599
62.9184,-133.7347,-0.7212
62.9184,-131.9184,-0.8172
62.9184,-130.1020,-1.3705
62.9184,-128.2857,-1.7407
62.9184,-126.4694,-1.6816
62.9184,-124.6531,-1.3714
62.9184,-122.8367,-1.7898
62.9184,-121.0204,-1.4591
62.9184,-119.2041,-1.7610
62.9184,-117.3878,-3.5390
62.9184,-115.5714,-2.9560
62.9184,-113.7551,-1.9070
62.9184,-111.9388,-0.8425
62.9184,-110.1224,-0.3769
62.9184,-108.3061,-0.2718
62.9184,-106.4898,-1.1561
62.9184,-104.6735,-1.8446
62.9184,-102.8571,-1.2416
62.9184,-101.0408,-0.9624
62.9184,-99.2245,-0.4515
62.9184,-97.4082,-0.7423
62.9184,-95.5918,-1.3140
62.9184,-93.7755,-0.7855
62.9184,-91.9592,-0.2012
62.9184,-90.1429,-0.1278
62.9184,-88.3265,-0.0982
62.9184,-86.5102,-0.0738
62.9184,-84.6939,-0.4466
62.9184,-82.8776,-0.6528
62.9184,-81.0612,-0.1838
62.9184,-79.2449,-0.0118
62.9184,-77.4286,-0.0242
62.9184,-75.6122,-0.2397
62.9184,-73.7959,-0.6007
62.9184,-71.9796,-0.3176
62.9184,-70.1633,-0.2453
62.9184,-68.3469,-0.4127
62.9184,-66.5306,-0.1503
62.9184,-64.7143,-0.0105
62.9184,-62.8980,-0.0001
62.9184,-61.0816,0.0000
62.9184,-59.2653,0.0000
62.9184,-57.4490,0.0000
62.9184,-55.6327,0.0000
62.9184,-53.8163,0.0000
62.9184,-52.0000,0.0000
63.7551,-141.0000,-0.9839
63.7551,-139.1837,-2.3528
63.7551,-137.3673,-1.3717
63.7551,-135.5510,-0.6168
63.7551,-133.7347,-0.5209
63.7551,-131.9184,-0.6880
63.7551,-130.1020,-1.2716
63.7551,-128.2857,-1.7876
63.7551,-126.4694,-1.9232
63.7551,-124.6531,-1.4569
63.7551,-122.8367,-1.5555
63.7551,-121.0204,-0.9201
63.7551,-119.2041,-1.4697
63.7551,-117.3878,-3.2490
63.7551,-115.5714,-2.3792
63.7551,-113.7551,-1.4191
63.7551,-111.9388,-1.0083
63.7551,-110.1224,-0.6591
63.7551,-108.3061,-0.4118
63.7551,-106.4898,-1.3488
63.7551,-104.6735,-2.2096
63.7551,-102.8571,-1.7512
63.7551,-101.0408,-0.9906
63.7551,-99.2245,-0.3275
63.7551,-97.4082,-0.9999
63.7551,-95.5918,-1.6834
63.7551,-93.7755,-0.6755
63.7551,-91.9592,-0.1705
63.7551,-90.1429,-0.3491
63.7551,-88.3265,-0.2846
63.7551,-86.5102,-0.1286
63.7551,-84.6939,-0.6417
63.7551,-82.8776,-0.9380
63.7551,-81.0612,-0.2659
63.7551,-79.2449,-0.0171
63.7551,-77.4286,-0.0169
63.7551,-75.6122,-0.1093
63.7551,-73.7959,-0.2593
63.7551,-71.9796,-0.1530
63.7551,-70.1633,-0.2703
63.7551,-68.3469,-0.4903
63.7551,-66.5306,-0.1786
63.7551,-64.7143,-0.0125
63.7551,-62.8980,-0.0002
63.7551,-61.0816,0.0000
63.7551,-59.2653,0.0000
63.7551,-57.4490,0.0000
63.7551,-55.6327,0.0000
63.7551,-53.8163,0.0000
63.7551,-52.0000,0.0000
64.5918,-141.0000,-1.0827
64.5918,-139.1837,-2.3613
64.5918,-137.3673,-1.3585
64.5918,-135.5510,-0.6067
64.5918,-133.7347,-0.4292
64.5918,-131.9184,-0.6862
64.5918,-130.1020,-1.2989
64.5918,-128.2857,-2.0460
64.5918,-126.4694,-2.5667
64.5918,-124.6531,-1.9318
64.5918,-122.8367,-1.7110
64.5918,-121.0204,-0.6511
64.5918,-119.2041,-1.0500
64.5918,-117.3878,-2.4380
64.5918,-115.5714,-1.6388
64.5918,-113.7551,-1.0376
64.5918,-111.9388,-1.4798
64.5918,-110.1224,-1.2464
64.5918,-108.3061,-0.7596
64.5918,-106.4898,-1.2709
64.5918,-104.6735,-1.9871
64.5918,-102.8571,-2.1072
64.5918,-101.0408,-1.1607
64.5918,-99.2245,-0.2890
64.5918,-97.4082,-1.0571
64.5918,-95.5918,-1.7394
64.5918,-93.7755,-0.5926
64.5918,-91.9592,-0.2215
64.5918,-90.1429,-0.7289
64.5918,-88.3265,-0.5930
64.5918,-86.5102,-0.1775
64.5918,-84.6939,-0.6510
64.5918,-82.8776,-0.9562
64.5918,-81.0612,-0.2839
64.5918,-79.2449,-0.0227
64.5918,-77.4286,-0.0123
64.5918,-75.6122,-0.0396
64.5918,-73.7959,-0.0800
64.5918,-71.9796,-0.0603
64.5918,-70.1633,-0.2201
64.5918,-68.3469,-0.4107
64.5918,-66.5306,-0.1497
64.5918,-64.7143,-0.0105
64.5918,-62.8980,-0.0001
64.5918,-61.0816,-0.0000
64.5918,-59.2653,0.0000
64.5918,-57.4490,0.0000
64.5918,-55.6327,0.0000
64.5918,-53.8163,0.0000
64.5918,-52.0000,0.0000
65.4286,-141.0000,-1.2945
65.4286,-139.1837,-2.2722
65.4286,-137.3673,-1.3958
65.4286,-135.5510,-0.8762
65.4286,-133.7347,-0.7215
65.4286,-131.9184,-1.1082
65.4286,-130.1020,-1.6864
65.4286,-128.2857,-2.3773
65.4286,-126.4694,-3.2989
65.4286,-124.6531,-2.4294
65.4286,-122.8367,-1.8040
65.4286,-121.0204,-0.5322
65.4286,-119.2041,-0.6044
65.4286,-117.3878,-1.4275
65.4286,-115.5714,-1.1198
65.4286,-113.7551,-1.0106
65.4286,-111.9388,-1.9169
65.4286,-110.1224,-1.8050
65.4286,-108.3061,-1.2942
65.4286,-106.4898,-1.1424
65.4286,-104.6735,-1.3866
65.4286,-102.8571,-1.9640
65.4286,-101.0408,-1.1401
65.4286,-99.2245,-0.2454
65.4286,-97.4082,-0.8620
65.4286,-95.5918,-1.4185
65.4286,-93.7755,-0.4694
65.4286,-91.9592,-0.3106
65.4286,-90.1429,-1.1461
65.4286,-88.3265,-0.9111
65.4286,-86.5102,-0.2006
65.4286,-84.6939,-0.4698
65.4286,-82.8776,-0.7192
65.4286,-81.0612,-0.2749
65.4286,-79.2449,-0.0430
65.4286,-77.4286,-0.0096
65.4286,-75.6122,-0.0132
65.4286,-73.7959,-0.0181
65.4286,-71.9796,-0.0212
65.4286,-70.1633,-0.1294
65.4286,-68.3469,-0.2440
65.4286,-66.5306,-0.0890
65.4286,-64.7143,-0.0062
65.4286,-62.8980,-0.0001
65.4286,-61.0816,-0.0000
65.4286,-59.2653,0.0000
65.4286,-57.4490,0.0000
65.4286,-55.6327,0.0000
65.4286,-53.8163,0.0000
65.4286,-52.0000,0.0000
66.2653,-141.0000,-1.9390
66.2653,-139.1837,-2.6018
66.2653,-137.3673,-1.5971
66.2653,-135.5510,-1.3511
66.2653,-133.7347,-1.5214
66.2653,-131.9184,-2.0687
66.2653,-130.1020,-2.3879
66.2653,-128.2857,-2.5171
66.2653,-126.4694,-3.6371
66.2653,-124.6531,-2.6495
66.2653,-122.8367,-1.6509
66.2653,-121.0204,-0.4705
66.2653,-119.2041,-0.2789
66.2653,-117.3878,-0.6625
66.2653,-115.5714,-1.0465
66.2653,-113.7551,-1.2872
66.2653,-111.9388,-1.9045
66.2653,-110.1224,-1.9172
66.2653,-108.3061,-1.7507
66.2653,-106.4898,-1.0953
66.2653,-104.6735,-0.7866
66.2653,-102.8571,-1.3580
66.2653,-101.0408,-0.8348
66.2653,-99.2245,-0.1910
66.2653,-97.4082,-0.6869
66.2653,-95.5918,-1.1611
66.2653,-93.7755,-0.4003
66.2653,-91.9592,-0.4053
66.2653,-90.1429,-1.4632
66.2653,-88.3265,-1.1037
66.2653,-86.5102,-0.1935
66.2653,-84.6939,-0.2514
66.2653,-82.8776,-0.4903
66.2653,-81.0612,-0.3863
66.2653,-79.2449,-0.1132
66.2653,-77.4286,-0.0111
66.2653,-75.6122,-0.0045
66.2653,-73.7959,-0.0033
66.2653,-71.9796,-0.0072
66.2653,-70.1633,-0.0593
66.2653,-68.3469,-0.1127
66.2653,-66.5306,-0.0412
66.2653,-64.7143,-0.0029
66.2653,-62.8980,-0.0000
66.2653,-61.0816,-0.0000
66.2653,-59.2653,-0.0000
66.2653,-57.4490,0.0000
66.2653,-55.6327,0.0000
66.2653,-53.8163,0.0000
66.2653,-52.0000,0.0000
67.1020,-141.0000,-2.9285
67.1020,-139.1837,-3.2713
67.1020,-137.3673,-1.7537
67.1020,-135.5510,-1.7559
67.1020,-133.7347,-2.6889
67.1020,-131.9184,-3.2111
67.1020,-130.1020,-2.8495
67.1020,-128.2857,-2.2691
67.1020,-126.4694,-3.3316
67.1020,-124.6531,-2.6252
67.1020,-122.8367,-1.6052
67.1020,-121.0204,-0.5475
67.1020,-119.2041,-0.1479
67.1020,-117.3878,-0.3136
67.1020,-115.5714,-1.2635
67.1020,-113.7551,-1.6017
67.1020,-111.9388,-1.4318
67.1020,-110.1224,-1.4973
67.1020,-108.3061,-1.7566
67.1020,-106.4898,-0.9854
67.1020,-104.6735,-0.3816
67.1020,-102.8571,-0.6933
67.1020,-101.0408,-0.4952
67.1020,-99.2245,-0.2005
67.1020,-97.4082,-0.7839
67.1020,-95.5918,-1.3680
67.1020,-93.7755,-0.4946
67.1020,-91.9592,-0.5124
67.1020,-90.1429,-1.6968
67.1020,-88.3265,-1.1782
67.1020,-86.5102,-0.1728
67.1020,-84.6939,-0.1230
67.1020,-82.8776,-0.4845
67.1020,-81.0612,-0.7341
67.1020,-79.2449,-0.2600
67.1020,-77.4286,-0.0190
67.1020,-75.6122,-0.0015
67.1020,-73.7959,-0.0006
67.1020,-71.9796,-0.0046
67.1020,-70.1633,-0.0454
67.1020,-68.3469,-0.0878
67.1020,-66.5306,-0.0327
67.1020,-64.7143,-0.0023
67.1020,-62.8980,-0.0000
67.1020,-61.0816,-0.0000
67.1020,-59.2653,-0.0000
67.1020,-57.4490,0.0000
67.1020,-55.6327,0.0000
67.1020,-53.8163,0.0000
67.1020,-52.0000,0.0000
67.9388,-141.0000,-3.6529
67.9388,-139.1837,-3.5874
67.9388,-137.3673,-1.5929
67.9388,-135.5510,-1.9289
67.9388,-133.7347,-3.7772
67.9388,-131.9184,-3.8731
67.9388,-130.1020,-2.5836
67.9388,-128.2857,-1.6510
67.9388,-126.4694,-2.5167
67.9388,-124.6531,-2.5489
67.9388,-122.8367,-1.9799
67.9388,-121.0204,-0.8233
67.9388,-119.2041,-0.2072
67.9388,-117.3878,-0.3054
67.9388,-115.5714,-1.3732
67.9388,-113.7551,-1.6225
67.9388,-111.9388,-0.8454
67.9388,-110.1224,-0.8660
67.9388,-108.3061,-1.2727
67.9388,-106.4898,-0.7015
67.9388,-104.6735,-0.1647
67.9388,-102.8571,-0.3010
67.9388,-101.0408,-0.4236
67.9388,-99.2245,-0.3667
67.9388,-97.4082,-1.0688
67.9388,-95.5918,-1.8587
67.9388,-93.7755,-0.6891
67.9388,-91.9592,-0.6091
67.9388,-90.1429,-1.8488
67.9388,-88.3265,-1.1882
67.9388,-86.5102,-0.1549
67.9388,-84.6939,-0.0885
67.9388,-82.8776,-0.6490
67.9388,-81.0612,-1.1956
67.9388,-79.2449,-0.4341
67.9388,-77.4286,-0.0282
67.9388,-75.6122,-0.0009
67.9388,-73.7959,-0.0003
67.9388,-71.9796,-0.0105
67.9388,-70.1633,-0.1062
67.9388,-68.3469,-0.2074
67.9388,-66.5306,-0.0779
67.9388,-64.7143,-0.0056
67.9388,-62.8980,-0.0001
67.9388,-61.0816,-0.0000
67.9388,-59.2653,-0.0000
67.9388,-57.4490,-0.0000
67.9388,-55.6327,0.0000
67.9388,-53.8163,0.0000
67.9388,-52.0000,0.0000
68.7755,-141.0000,-3.5339
68.7755,-139.1837,-3.1055
68.7755,-137.3673,-1.1502
68.7755,-135.5510,-1.8716
68.7755,-133.7347,-4.2135
68.7755,-131.9184,-3.6579
68.7755,-130.1020,-1.7581
68.7755,-128.2857,-0.9343
68.7755,-126.4694,-1.6323
68.7755,-124.6531,-2.4844
68.7755,-122.8367,-2.4784
68.7755,-121.0204,-1.1247
68.7755,-119.2041,-0.4301
68.7755,-117.3878,-0.5548
68.7755,-115.5714,-1.1803
68.7755,-113.7551,-1.2383
68.7755,-111.9388,-0.4118
68.7755,-110.1224,-0.3726
68.7755,-108.3061,-0.6584
68.7755,-106.4898,-0.3649
68.7755,-104.6735,-0.0663
68.7755,-102.8571,-0.2132
68.7755,-101.0408,-0.7383
68.7755,-99.2245,-0.7408
68.7755,-97.4082,-1.2266
68.7755,-95.5918,-2.0689
68.7755,-93.7755,-0.8144
68.7755,-91.9592,-0.6141
68.7755,-90.1429,-1.7271
68.7755,-88.3265,-1.0627
68.7755,-86.5102,-0.1390
68.7755,-84.6939,-0.0981
68.7755,-82.8776,-0.7498
68.7755,-81.0612,-1.4164
68.7755,-79.2449,-0.5008
68.7755,-77.4286,-0.0286
68.7755,-75.6122,-0.0049
68.7755,-73.7959,-0.0011
68.7755,-71.9796,-0.0247
68.7755,-70.1633,-0.2511
68.7755,-68.3469,-0.4909
68.7755,-66.5306,-0.1844
68.7755,-64.7143,-0.0133
68.7755,-62.8980,-0.0002
68.7755,-61.0816,-0.0000
68.7755,-59.2653,-0.0000
68.7755,-57.4490,-0.0000
68.7755,-55.6327,-0.0000
68.7755,-53.8163,0.0000
68.7755,-52.0000,0.0000
69.6122,-141.0000,-2.6035
69.6122,-139.1837,-2.0815
69.6122,-137.3673,-0.6707
69.6122,-135.5510,-1.5592
69.6122,-133.7347,-3.6750
69.6122,-131.9184,-2.7400
69.6122,-130.1020,-0.9228
69.6122,-128.2857,-0.4243
69.6122,-126.4694,-1.0799
69.6122,-124.6531,-2.3292
69.6122,-122.8367,-2.5004
69.6122,-121.0204,-1.1913
69.6122,-119.2041,-0.7652
69.6122,-117.3878,-0.9738
69.6122,-115.5714,-0.8570
69.6122,-113.7551,-0.6929
69.6122,-111.9388,-0.1685
69.6122,-110.1224,-0.1194
69.6122,-108.3061,-0.2420
69.6122,-106.4898,-0.1357
69.6122,-104.6735,-0.0301
69.6122,-102.8571,-0.2875
69.6122,-101.0408,-1.2816
69.6122,-99.2245,-1.2216
69.6122,-97.4082,-1.0918
69.6122,-95.5918,-1.7698
69.6122,-93.7755,-0.8501
69.6122,-91.9592,-0.5149
69.6122,-90.1429,-1.2477
69.6122,-88.3265,-0.7567
69.6122,-86.5102,-0.1400
69.6122,-84.6939,-0.1518
69.6122,-82.8776,-0.6507
69.6122,-81.0612,-1.1785
69.6122,-79.2449,-0.3742
69.6122,-77.4286,-0.0431
69.6122,-75.6122,-0.0326
69.6122,-73.7959,-0.0040
69.6122,-71.9796,-0.0423
69.6122,-70.1633,-0.4298
69.6122,-68.3469,-0.8405
69.6122,-66.5306,-0.3158
69.6122,-64.7143,-0.0228
69.6122,-62.8980,-0.0003
69.6122,-61.0816,-0.0000
69.6122,-59.2653,-0.0000
69.6122,-57.4490,-0.0000
69.6122,-55.6327,-0.0000
69.6122,-53.8163,-0.0000
69.6122,-52.0000,0.0000
70.4490,-141.0000,-1.4403
70.4490,-139.1837,-1.0739
70.4490,-137.3673,-0.3204
70.4490,-135.5510,-1.0276
70.4490,-133.7347,-2.4346
70.4490,-131.9184,-1.6220
70.4490,-130.1020,-0.3923
70.4490,-128.2857,-0.2030
70.4490,-126.4694,-0.9474
70.4490,-124.6531,-2.0750
70.4490,-122.8367,-1.9339
70.4490,-121.0204,-1.0376
70.4490,-119.2041,-1.1388
70.4490,-117.3878,-1.3375
70.4490,-115.5714,-0.6083
70.4490,-113.7551,-0.2874
70.4490,-111.9388,-0.0561
70.4490,-110.1224,-0.0284
70.4490,-108.3061,-0.0638
70.4490,-106.4898,-0.0394
70.4490,-104.6735,-0.0225
70.4490,-102.8571,-0.3574
70.4490,-101.0408,-1.6396
70.4490,-99.2245,-1.5038
70.4490,-97.4082,-0.7948
70.4490,-95.5918,-1.3210
70.4490,-93.7755,-0.9593
70.4490,-91.9592,-0.4178
70.4490,-90.1429,-0.6639
70.4490,-88.3265,-0.4119
70.4490,-86.5102,-0.2235
70.4490,-84.6939,-0.3400
70.4490,-82.8776,-0.4661
70.4490,-81.0612,-0.6710
70.4490,-79.2449,-0.1630
70.4490,-77.4286,-0.2043
70.4490,-75.6122,-0.1388
70.4490,-73.7959,-0.0128
70.4490,-71.9796,-0.0512
70.4490,-70.1633,-0.5194
70.4490,-68.3469,-1.0157
70.4490,-66.5306,-0.3816
70.4490,-64.7143,-0.0275
70.4490,-62.8980,-0.0004
70.4490,-61.0816,-0.0000
70.4490,-59.2653,-0.0000
70.4490,-57.4490,-0.0000
70.4490,-55.6327,-0.0000
70.4490,-53.8163,-0.0000
70.4490,-52.0000,-0.0000
71.2857,-141.0000,-0.5894
71.2857,-139.1837,-0.4214
71.2857,-137.3673,-0.1232
71.2857,-135.5510,-0.5013
71.2857,-133.7347,-1.1903
71.2857,-131.9184,-0.7426
71.2857,-130.1020,-0.1417
71.2857,-128.2857,-0.1567
71.2857,-126.4694,-1.0347
71.2857,-124.6531,-1.8311
71.2857,-122.8367,-1.2394
71.2857,-121.0204,-0.9885
71.2857,-119.2041,-1.5604
71.2857,-117.3878,-1.4223
71.2857,-115.5714,-0.4358
71.2857,-113.7551,-0.0948
71.2857,-111.9388,-0.0145
71.2857,-110.1224,-0.0052
71.2857,-108.3061,-0.0171
71.2857,-106.4898,-0.0323
71.2857,-104.6735,-0.0368
71.2857,-102.8571,-0.3262
71.2857,-101.0408,-1.4855
71.2857,-99.2245,-1.3402
71.2857,-97.4082,-0.5441
71.2857,-95.5918,-1.1294
71.2857,-93.7755,-1.1834
71.2857,-91.9592,-0.3889
71.2857,-90.1429,-0.2626
71.2857,-88.3265,-0.1954
71.2857,-86.5102,-0.4504
71.2857,-84.6939,-0.7529
71.2857,-82.8776,-0.3920
71.2857,-81.0612,-0.2466
71.2857,-79.2449,-0.1252
71.2857,-77.4286,-0.7279
71.2857,-75.6122,-0.3844
71.2857,-73.7959,-0.0307
71.2857,-71.9796,-0.0439
71.2857,-70.1633,-0.4423
71.2857,-68.3469,-0.8649
71.2857,-66.5306,-0.3250
71.2857,-64.7143,-0.0235
71.2857,-62.8980,-0.0003
71.2857,-61.0816,-0.0000
71.2857,-59.2653,-0.0000
71.2857,-57.4490,-0.0000
71.2857,-55.6327,-0.0000
71.2857,-53.8163,-0.0000
71.2857,-52.0000,-0.0000
72.1224,-141.0000,-0.1759
72.1224,-139.1837,-0.1235
72.1224,-137.3673,-0.0367
72.1224,-135.5510,-0.1750
72.1224,-133.7347,-0.4207
72.1224,-131.9184,-0.2556
72.1224,-130.1020,-0.0446
72.1224,-128.2857,-0.1481
72.1224,-126.4694,-1.0332
72.1224,-124.6531,-1.5468
72.1224,-122.8367,-0.7933
72.1224,-121.0204,-1.2856
72.1224,-119.2041,-2.1101
72.1224,-117.3878,-1.2689
72.1224,-115.5714,-0.2815
72.1224,-113.7551,-0.0288
72.1224,-111.9388,-0.0029
72.1224,-110.1224,-0.0017
72.1224,-108.3061,-0.0274
72.1224,-106.4898,-0.1203
72.1224,-104.6735,-0.1143
72.1224,-102.8571,-0.2238
72.1224,-101.0408,-0.9495
72.1224,-99.2245,-0.8589
72.1224,-97.4082,-0.4546
72.1224,-95.5918,-1.2587
72.1224,-93.7755,-1.3183
72.1224,-91.9592,-0.3596
72.1224,-90.1429,-0.0854
72.1224,-88.3265,-0.1231
72.1224,-86.5102,-0.7495
72.1224,-84.6939,-1.2723
72.1224,-82.8776,-0.4560
72.1224,-81.0612,-0.0617
72.1224,-79.2449,-0.4008
72.1224,-77.4286,-1.5771
72.1224,-75.6122,-0.7127
72.1224,-73.7959,-0.0525
72.1224,-71.9796,-0.0267
72.1224,-70.1633,-0.2654
72.1224,-68.3469,-0.5190
72.1224,-66.5306,-0.1950
72.1224,-64.7143,-0.0141
72.1224,-62.8980,-0.0002
72.1224,-61.0816,-0.0000
72.1224,-59.2653,-0.0000
72.1224,-57.4490,-0.0000
72.1224,-55.6327,-0.0000
72.1224,-53.8163,-0.0000
72.1224,-52.0000,-0.0000
72.9592,-141.0000,-0.0379
72.9592,-139.1837,-0.0266
72.9592,-137.3673,-0.0081
72.9592,-135.5510,-0.0431
72.9592,-133.7347,-0.1062
72.9592,-131.9184,-0.0645
72.9592,-130.1020,-0.0127
72.9592,-128.2857,-0.1139
72.9592,-126.4694,-0.7922
72.9592,-124.6531,-1.1025
72.9592,-122.8367,-0.5799
72.9592,-121.0204,-1.7539
72.9592,-119.2041,-2.6396
72.9592,-117.3878,-1.0636
72.9592,-115.5714,-0.1555
72.9592,-113.7551,-0.0091
72.9592,-111.9388,-0.0005
72.9592,-110.1224,-0.0036
72.9592,-108.3061,-0.0853
72.9592,-106.4898,-0.3923
72.9592,-104.6735,-0.3508
72.9592,-102.8571,-0.1516
72.9592,-101.0408,-0.4294
72.9592,-99.2245,-0.4085
72.9592,-97.4082,-0.5604
72.9592,-95.5918,-1.6314
72.9592,-93.7755,-1.2297
72.9592,-91.9592,-0.2542
72.9592,-90.1429,-0.0275
72.9592,-88.3265,-0.1093
72.9592,-86.5102,-0.9036
72.9592,-84.6939,-1.5371
72.9592,-82.8776,-0.5087
72.9592,-81.0612,-0.0446
72.9592,-79.2449,-0.7666
72.9592,-77.4286,-2.1959
72.9592,-75.6122,-0.8995
72.9592,-73.7959,-0.0629
72.9592,-71.9796,-0.0118
72.9592,-70.1633,-0.1122
72.9592,-68.3469,-0.2194
72.9592,-66.5306,-0.0824
72.9592,-64.7143,-0.0060
72.9592,-62.8980,-0.0001
72.9592,-61.0816,-0.0000
72.9592,-59.2653,-0.0000
72.9592,-57.4490,-0.0000
72.9592,-55.6327,-0.0000
72.9592,-53.8163,-0.0000
72.9592,-52.0000,-0.0000
73.7959,-141.0000,-0.0059
73.7959,-139.1837,-0.0042
73.7959,-137.3673,-0.0013
73.7959,-135.5510,-0.0075
73.7959,-133.7347,-0.0190
73.7959,-131.9184,-0.0117
73.7959,-130.1020,-0.0035
73.7959,-128.2857,-0.0635
73.7959,-126.4694,-0.4396
73.7959,-124.6531,-0.5995
73.7959,-122.8367,-0.4419
73.7959,-121.0204,-1.9402
73.7959,-119.2041,-2.7144
73.7959,-117.3878,-0.8517
73.7959,-115.5714,-0.0785
73.7959,-113.7551,-0.0029
73.7959,-111.9388,-0.0001
73.7959,-110.1224,-0.0082
73.7959,-108.3061,-0.1972
73.7959,-106.4898,-0.9076
73.7959,-104.6735,-0.8040
73.7959,-102.8571,-0.1659
73.7959,-101.0408,-0.1405
73.7959,-99.2245,-0.1692
73.7959,-97.4082,-0.7836
73.7959,-95.5918,-2.1060
73.7959,-93.7755,-1.0292
73.7959,-91.9592,-0.1063
73.7959,-90.1429,-0.0075
73.7959,-88.3265,-0.0881
73.7959,-86.5102,-0.7710
73.7959,-84.6939,-1.3119
73.7959,-82.8776,-0.4290
73.7959,-81.0612,-0.0633
73.7959,-79.2449,-0.8471
73.7959,-77.4286,-2.0367
73.7959,-75.6122,-0.7805
73.7959,-73.7959,-0.0526
73.7959,-71.9796,-0.0039
73.7959,-70.1633,-0.0334
73.7959,-68.3469,-0.0654
73.7959,-66.5306,-0.0246
73.7959,-64.7143,-0.0018
73.7959,-62.8980,-0.0000
73.7959,-61.0816,-0.0000
73.7959,-59.2653,-0.0000
73.7959,-57.4490,-0.0000
73.7959,-55.6327,-0.0000
73.7959,-53.8163,-0.0000
73.7959,-52.0000,-0.0000
74.6327,-141.0000,-0.0006
74.6327,-139.1837,-0.0005
74.6327,-137.3673,-0.0002
74.6327,-135.5510,-0.0009
74.6327,-133.7347,-0.0024
74.6327,-131.9184,-0.0015
74.6327,-130.1020,-0.0009
74.6327,-128.2857,-0.0251
74.6327,-126.4694,-0.1734
74.6327,-124.6531,-0.2383
74.6327,-122.8367,-0.3016
74.6327,-121.0204,-1.6043
74.6327,-119.2041,-2.1326
74.6327,-117.3878,-0.5896
74.6327,-115.5714,-0.0388
74.6327,-113.7551,-0.0009
74.6327,-111.9388,-0.0001
74.6327,-110.1224,-0.0134
74.6327,-108.3061,-0.3215
74.6327,-106.4898,-1.4801
74.6327,-104.6735,-1.3095
74.6327,-102.8571,-0.2291
74.6327,-101.0408,-0.0383
74.6327,-99.2245,-0.0865
74.6327,-97.4082,-0.9092
74.6327,-95.5918,-2.3090
74.6327,-93.7755,-0.8249
74.6327,-91.9592,0.0018
74.6327,-90.1429,0.0013
74.6327,-88.3265,-0.0524
74.6327,-86.5102,-0.4638
74.6327,-84.6939,-0.7893
74.6327,-82.8776,-0.2581
74.6327,-81.0612,-0.0542
74.6327,-79.2449,-0.5934
74.6327,-77.4286,-1.2827
74.6327,-75.6122,-0.4685
74.6327,-73.7959,-0.0307
74.6327,-71.9796,-0.0011
74.6327,-70.1633,-0.0070
74.6327,-68.3469,-0.0137
74.6327,-66.5306,-0.0052
74.6327,-64.7143,-0.0004
74.6327,-62.8980,-0.0000
74.6327,-61.0816,-0.0000
74.6327,-59.2653,-0.0000
74.6327,-57.4490,-0.0000
74.6327,-55.6327,-0.0000
74.6327,-53.8163,-0.0000
74.6327,-52.0000,-0.0000
75.4694,-141.0000,-0.0001
75.4694,-139.1837,-0.0000
75.4694,-137.3673,-0.0000
75.4694,-135.5510,-0.0001
75.4694,-133.7347,-0.0002
75.4694,-131.9184,-0.0001
75.4694,-130.1020,-0.0002
75.4694,-128.2857,-0.0070
75.4694,-126.4694,-0.0483
75.4694,-124.6531,-0.0688
75.4694,-122.8367,-0.1673
75.4694,-121.0204,-0.9709
75.4694,-119.2041,-1.2412
75.4694,-117.3878,-0.3205
75.4694,-115.5714,-0.0176
75.4694,-113.7551,-0.0003
75.4694,-111.9388,-0.0001
75.4694,-110.1224,-0.0154
75.4694,-108.3061,-0.3694
75.4694,-106.4898,-1.7008
75.4694,-104.6735,-1.5045
75.4694,-102.8571,-0.2567
75.4694,-101.0408,-0.0137
75.4694,-99.2245,-0.0559
75.4694,-97.4082,-0.7772
75.4694,-95.5918,-1.9269
75.4694,-93.7755,-0.5924
75.4694,-91.9592,0.0388
75.4694,-90.1429,0.0039
75.4694,-88.3265,-0.0222
75.4694,-86.5102,-0.1967
75.4694,-84.6939,-0.3346
75.4694,-82.8776,-0.1096
75.4694,-81.0612,-0.0283
75.4694,-79.2449,-0.2755
75.4694,-77.4286,-0.5547
75.4694,-75.6122,-0.1954
75.4694,-73.7959,-0.0125
75.4694,-71.9796,-0.0003
75.4694,-70.1633,-0.0010
75.4694,-68.3469,-0.0020
75.4694,-66.5306,-0.0008
75.4694,-64.7143,-0.0001
75.4694,-62.8980,-0.0000
75.4694,-61.0816,-0.0000
75.4694,-59.2653,-0.0000
75.4694,-57.4490,-0.0000
75.4694,-55.6327,-0.0000
75.4694,-53.8163,-0.0000
75.4694,-52.0000,-0.0000
76.3061,-141.0000,-0.0000
76.3061,-139.1837,-0.0000
76.3061,-137.3673,-0.0000
76.3061,-135.5510,-0.0000
76.3061,-133.7347,-0.0000
76.3061,-131.9184,-0.0000
76.3061,-130.1020,-0.0000
76.3061,-128.2857,-0.0014
76.3061,-126.4694,-0.0095
76.3061,-124.6531,-0.0147
76.3061,-122.8367,-0.0711
76.3061,-121.0204,-0.4264
76.3061,-119.2041,-0.5282
76.3061,-117.3878,-0.1304
76.3061,-115.5714,-0.0066
76.3061,-113.7551,-0.0001
76.3061,-111.9388,-0.0001
76.3061,-110.1224,-0.0125
76.3061,-108.3061,-0.2992
76.3061,-106.4898,-1.3772
76.3061,-104.6735,-1.2182
76.3061,-102.8571,-0.2072
76.3061,-101.0408,-0.0077
76.3061,-99.2245,-0.0321
76.3061,-97.4082,-0.4738
76.3061,-95.5918,-1.1646
76.3061,-93.7755,-0.3383
76.3061,-91.9592,0.0311
76.3061,-90.1429,0.0030
76.3061,-88.3265,-0.0066
76.3061,-86.5102,-0.0587
76.3061,-84.6939,-0.1000
76.3061,-82.8776,-0.0328
76.3061,-81.0612,-0.0096
76.3061,-79.2449,-0.0866
76.3061,-77.4286,-0.1658
76.3061,-75.6122,-0.0568
76.3061,-73.7959,-0.0036
76.3061,-71.9796,-0.0001
76.3061,-70.1633,-0.0001
76.3061,-68.3469,-0.0002
76.3061,-66.5306,-0.0001
76.3061,-64.7143,-0.0000
76.3061,-62.8980,-0.0001
76.3061,-61.0816,-0.0001
76.3061,-59.2653,-0.0000
76.3061,-57.4490,-0.0000
76.3061,-55.6327,-0.0000
76.3061,-53.8163,-0.0000
76.3061,-52.0000,-0.0000
77.1429,-141.0000,-0.0000
77.1429,-139.1837,-0.0000
77.1429,-137.3673,-0.0000
77.1429,-135.5510,-0.0000
77.1429,-133.7347,-0.0000
77.1429,-131.9184,-0.0000
77.1429,-130.1020,-0.0000
77.1429,-128.2857,-0.0002
77.1429,-126.4694,-0.0013
77.1429,-124.6531,-0.0024
77.1429,-122.8367,-0.0224
77.1429,-121.0204,-0.1351
77.1429,-119.2041,-0.1631
77.1429,-117.3878,-0.0390
77.1429,-115.5714,-0.0019
77.1429,-113.7551,-0.0000
77.1429,-111.9388,-0.0001
77.1429,-110.1224,-0.0071
77.1429,-108.3061,-0.1707
77.1429,-106.4898,-0.7858
77.1429,-104.6735,-0.6951
77.1429,-102.8571,-0.1181
77.1429,-101.0408,-0.0041
77.1429,-99.2245,-0.0137
77.1429,-97.4082,-0.2043
77.1429,-95.5918,-0.5005
77.1429,-93.7755,-0.1426
77.1429,-91.9592,0.0145
77.1429,-90.1429,0.0014
77.1429,-88.3265,-0.0014
77.1429,-86.5102,-0.0124
77.1429,-84.6939,-0.0210
77.1429,-82.8776,-0.0069
77.1429,-81.0612,-0.0022
77.1429,-79.2449,-0.0187
77.1429,-77.4286,-0.0344
77.1429,-75.6122,-0.0115
77.1429,-73.7959,-0.0007
77.1429,-71.9796,-0.0000
77.1429,-70.1633,-0.0000
77.1429,-68.3469,-0.0000
77.1429,-66.5306,-0.0000
77.1429,-64.7143,-0.0004
77.1429,-62.8980,-0.0016
77.1429,-61.0816,-0.0011
77.1429,-59.2653,-0.0002
77.1429,-57.4490,-0.0000
77.1429,-55.6327,-0.0000
77.1429,-53.8163,-0.0000
77.1429,-52.0000,-0.0000
77.9796,-141.0000,-0.0000
77.9796,-139.1837,-0.0000
77.9796,-137.3673,-0.0000
77.9796,-135.5510,-0.0000
77.9796,-133.7347,-0.0000
77.9796,-131.9184,-0.0000
77.9796,-130.1020,-0.0000
77.9796,-128.2857,-0.0000
77.9796,-126.4694,-0.0001
77.9796,-124.6531,-0.0003
77.9796,-122.8367,-0.0051
77.9796,-121.0204,-0.0307
77.9796,-119.2041,-0.0364
77.9796,-117.3878,-0.0085
77.9796,-115.5714,-0.0004
77.9796,-113.7551,-0.0000
77.9796,-111.9388,-0.0000
77.9796,-110.1224,-0.0029
77.9796,-108.3061,-0.0686
77.9796,-106.4898,-0.3159
77.9796,-104.6735,-0.2795
77.9796,-102.8571,-0.0475
77.9796,-101.0408,-0.0016
77.9796,-99.2245,-0.0042
77.9796,-97.4082,-0.0621
77.9796,-95.5918,-0.1521
77.9796,-93.7755,-0.0430
77.9796,-91.9592,0.0045
77.9796,-90.1429,0.0004
77.9796,-88.3265,-0.0002
77.9796,-86.5102,-0.0018
77.9796,-84.6939,-0.0031
77.9796,-82.8776,-0.0010
77.9796,-81.0612,-0.0003
77.9796,-79.2449,-0.0028
77.9796,-77.4286,-0.0050
77.9796,-75.6122,-0.0016
77.9796,-73.7959,-0.0001
77.9796,-71.9796,-0.0000
77.9796,-70.1633,-0.0000
77.9796,-68.3469,-0.0000
77.9796,-66.5306,-0.0002
77.9796,-64.7143,-0.0032
77.9796,-62.8980,-0.0124
77.9796,-61.0816,-0.0091
77.9796,-59.2653,-0.0013
77.9796,-57.4490,-0.0000
77.9796,-55.6327,-0.0000
77.9796,-53.8163,-0.0000
77.9796,-52.0000,-0.0000
78.8163,-141.0000,-0.0000
78.8163,-139.1837,-0.0000
78.8163,-137.3673,-0.0000
78.8163,-135.5510,-0.0000
78.8163,-133.7347,-0.0000
78.8163,-131.9184,-0.0000
78.8163,-130.1020,-0.0000
78.8163,-128.2857,-0.0000
78.8163,-126.4694,-0.0000
78.8163,-124.6531,-0.0000
78.8163,-122.8367,-0.0008
78.8163,-121.0204,-0.0050
78.8163,-119.2041,-0.0058
78.8163,-117.3878,-0.0013
78.8163,-115.5714,-0.0001
78.8163,-113.7551,-0.0000
78.8163,-111.9388,-0.0000
78.8163,-110.1224,-0.0008
78.8163,-108.3061,-0.0194
78.8163,-106.4898,-0.0895
78.8163,-104.6735,-0.0792
78.8163,-102.8571,-0.0135
78.8163,-101.0408,-0.0005
78.8163,-99.2245,-0.0009
78.8163,-97.4082,-0.0133
78.8163,-95.5918,-0.0326
78.8163,-93.7755,-0.0092
78.8163,-91.9592,0.0010
78.8163,-90.1429,0.0001
78.8163,-88.3265,-0.0000
78.8163,-86.5102,-0.0002
78.8163,-84.6939,-0.0003
78.8163,-82.8776,-0.0001
78.8163,-81.0612,-0.0000
78.8163,-79.2449,-0.0003
78.8163,-77.4286,-0.0005
78.8163,-75.6122,-0.0002
78.8163,-73.7959,-0.0000
78.8163,-71.9796,-0.0000
78.8163,-70.1633,-0.0000
78.8163,-68.3469,-0.0000
78.8163,-66.5306,-0.0009
78.8163,-64.7143,-0.0181
78.8163,-62.8980,-0.0688
78.8163,-61.0816,-0.0504
78.8163,-59.2653,-0.0071
78.8163,-57.4490,-0.0002
78.8163,-55.6327,-0.0000
78.8163,-53.8163,-0.0000
78.8163,-52.0000,-0.0000
79.6531,-141.0000,-0.0000
79.6531,-139.1837,-0.0000
79.6531,-137.3673,-0.0000
79.6531,-135.5510,-0.0000
79.6531,-133.7347,-0.0000
79.6531,-131.9184,-0.0000
79.6531,-130.1020,-0.0000
79.6531,-128.2857,-0.0000
79.6531,-126.4694,-0.0000
79.6531,-124.6531,-0.0000
79.6531,-122.8367,-0.0001
79.6531,-121.0204,-0.0006
79.6531,-119.2041,-0.0007
79.6531,-117.3878,-0.0001
79.6531,-115.5714,-0.0000
79.6531,-113.7551,-0.0000
79.6531,-111.9388,-0.0000
79.6531,-110.1224,-0.0002
79.6531,-108.3061,-0.0039
79.6531,-106.4898,-0.0179
79.6531,-104.6735,-0.0158
79.6531,-102.8571,-0.0027
79.6531,-101.0408,-0.0001
79.6531,-99.2245,-0.0001
79.6531,-97.4082,-0.0020
79.6531,-95.5918,-0.0049
79.6531,-93.7755,-0.0014
79.6531,-91.9592,0.0001
79.6531,-90.1429,0.0000
79.6531,-88.3265,-0.0000
79.6531,-86.5102,-0.0000
79.6531,-84.6939,-0.0000
79.6531,-82.8776,-0.0000
79.6531,-81.0612,-0.0000
79.6531,-79.2449,-0.0000
79.6531,-77.4286,-0.0000
79.6531,-75.6122,-0.0000
79.6531,-73.7959,-0.0000
79.6531,-71.9796,-0.0000
79.6531,-70.1633,-0.0000
79.6531,-68.3469,-0.0000
79.6531,-66.5306,-0.0036
79.6531,-64.7143,-0.0708
79.6531,-62.8980,-0.2698
79.6531,-61.0816,-0.1975
79.6531,-59.2653,-0.0278
79.6531,-57.4490,-0.0008
79.6531,-55.6327,-0.0000
79.6531,-53.8163,-0.0000
79.6531,-52.0000,-0.0000
80.4898,-141.0000,-0.0000
80.4898,-139.1837,-0.0000
80.4898,-137.3673,-0.0000
80.4898,-135.5510,-0.0000
80.4898,-133.7347,-0.0000
80.4898,-131.9184,-0.0000
80.4898,-130.1020,-0.0000
80.4898,-128.2857,-0.0000
80.4898,-126.4694,-0.0000
80.4898,-124.6531,-0.0000
80.4898,-122.8367,-0.0000
80.4898,-121.0204,-0.0000
80.4898,-119.2041,-0.0001
80.4898,-117.3878,-0.0000
80.4898,-115.5714,-0.0000
80.4898,-113.7551,-0.0000
80.4898,-111.9388,-0.0000
80.4898,-110.1224,-0.0000
80.4898,-108.3061,-0.0005
80.4898,-106.4898,-0.0025
80.4898,-104.6735,-0.0022
80.4898,-102.8571,-0.0004
80.4898,-101.0408,-0.0000
80.4898,-99.2245,-0.0000
80.4898,-97.4082,-0.0002
80.4898,-95.5918,-0.0005
80.4898,-93.7755,-0.0001
80.4898,-91.9592,0.0000
80.4898,-90.1429,0.0000
80.4898,-88.3265,-0.0000
80.4898,-86.5102,-0.0000
80.4898,-84.6939,-0.0000
80.4898,-82.8776,-0.0000
80.4898,-81.0612,-0.0000
80.4898,-79.2449,-0.0000
80.4898,-77.4286,-0.0000
80.4898,-75.6122,-0.0000
80.4898,-73.7959,-0.0000
80.4898,-71.9796,-0.0000
80.4898,-70.1633,-0.0000
80.4898,-68.3469,-0.0001
80.4898,-66.5306,-0.0099
80.4898,-64.7143,-0.1956
80.4898,-62.8980,-0.7451
80.4898,-61.0816,-0.5454
80.4898,-59.2653,-0.0767
80.4898,-57.4490,-0.0021
80.4898,-55.6327,-0.0000
80.4898,-53.8163,-0.0000
80.4898,-52.0000,-0.0000
81.3265,-141.0000,-0.0000
81.3265,-139.1837,-0.0000
81.3265,-137.3673,-0.0000
81.3265,-135.5510,-0.0000
81.3265,-133.7347,-0.0000
81.3265,-131.9184,-0.0000
81.3265,-130.1020,-0.0000
81.3265,-128.2857,-0.0000
81.3265,-126.4694,-0.0000
81.3265,-124.6531,-0.0000
81.3265,-122.8367,-0.0000
81.3265,-121.0204,-0.0000
81.3265,-119.2041,-0.0000
81.3265,-117.3878,-0.0000
81.3265,-115.5714,-0.0000
81.3265,-113.7551,-0.0000
81.3265,-111.9388,-0.0000
81.3265,-110.1224,-0.0000
81.3265,-108.3061,-0.0001
81.3265,-106.4898,-0.0002
81.3265,-104.6735,-0.0002
81.3265,-102.8571,-0.0000
81.3265,-101.0408,-0.0000
81.3265,-99.2245,-0.0000
81.3265,-97.4082,-0.0000
81.3265,-95.5918,-0.0000
81.3265,-93.7755,-0.0000
81.3265,-91.9592,0.0000
81.3265,-90.1429,0.0000
81.3265,-88.3265,-0.0000
81.3265,-86.5102,-0.0000
81.3265,-84.6939,-0.0000
81.3265,-82.8776,-0.0000
81.3265,-81.0612,-0.0000
81.3265,-79.2449,-0.0000
81.3265,-77.4286,-0.0000
81.3265,-75.6122,-0.0000
81.3265,-73.7959,-0.0000
81.3265,-71.9796,-0.0000
81.3265,-70.1633,-0.0000
81.3265,-68.3469,-0.0002
81.3265,-66.5306,-0.0192
81.3265,-64.7143,-0.3807
81.3265,-62.8980,-1.4503
81.3265,-61.0816,-1.0616
81.3265,-59.2653,-0.1493
81.3265,-57.4490,-0.0040
81.3265,-55.6327,-0.0000
81.3265,-53.8163,-0.0000
81.3265,-52.0000,-0.0000
82.1633,-141.0000,-0.0000
82.1633,-139.1837,-0.0000
82.1633,-137.3673,-0.0000
82.1633,-135.5510,-0.0000
82.1633,-133.7347,-0.0000
82.1633,-131.9184,-0.0000
82.1633,-130.1020,-0.0000
82.1633,-128.2857,-0.0000
82.1633,-126.4694,-0.0000
82.1633,-124.6531,-0.0000
82.1633,-122.8367,-0.0000
82.1633,-121.0204,-0.0000
82.1633,-119.2041,-0.0000
82.1633,-117.3878,-0.0000
82.1633,-115.5714,-0.0000
82.1633,-113.7551,-0.0000
82.1633,-111.9388,-0.0000
82.1633,-110.1224,-0.0000
82.1633,-108.3061,-0.0000
82.1633,-106.4898,-0.0000
82.1633,-104.6735,-0.0000
82.1633,-102.8571,-0.0000
82.1633,-101.0408,-0.0000
82.1633,-99.2245,-0.0000
82.1633,-97.4082,-0.0000
82.1633,-95.5918,-0.0000
82.1633,-93.7755,-0.0000
82.1633,-91.9592,0.0000
82.1633,-90.1429,0.0000
82.1633,-88.3265,-0.0000
82.1633,-86.5102,-0.0000
82.1633,-84.6939,-0.0000
82.1633,-82.8776,-0.0000
82.1633,-81.0612,-0.0000
82.1633,-79.2449,-0.0000
82.1633,-77.4286,-0.0000
82.1633,-75.6122,-0.0000
82.1633,-73.7959,-0.0000
82.1633,-71.9796,-0.0000
82.1633,-70.1633,-0.0000
82.1633,-68.3469,-0.0003
82.1633,-66.5306,-0.0263
82.1633,-64.7143,-0.5221
82.1633,-62.8980,-1.9891
82.1633,-61.0816,-1.4561
82.1633,-59.2653,-0.2048
82.1633,-57.4490,-0.0055
82.1633,-55.6327,-0.0000
82.1633,-53.8163,-0.0000
82.1633,-52.0000,-0.0000
83.0000,-141.0000,-0.0000
83.0000,-139.1837,-0.0000
83.0000,-137.3673,-0.0000
83.0000,-135.5510,-0.0000
83.0000,-133.7347,-0.0000
83.0000,-131.9184,-0.0000
83.0000,-130.1020,-0.0000
83.0000,-128.2857,-0.0000
83.0000,-126.4694,-0.0000
83.0000,-124.6531,-0.0000
83.0000,-122.8367,-0.0000
83.0000,-121.0204,-0.0000
83.0000,-119.2041,-0.0000
83.0000,-117.3878,-0.0000
83.0000,-115.5714,-0.0000
83.0000,-113.7551,-0.0000
83.0000,-111.9388,-0.0000
83.0000,-110.1224,-0.0000
83.0000,-108.3061,-0.0000
83.0000,-106.4898,-0.0000
83.0000,-104.6735,-0.0000
83.0000,-102.8571,-0.0000
83.0000,-101.0408,-0.0000
83.0000,-99.2245,-0.0000
83.0000,-97.4082,-0.0000
83.0000,-95.5918,-0.0000
83.0000,-93.7755,-0.0000
83.0000,-91.9592,0.0000
83.0000,-90.1429,0.0000
83.0000,-88.3265,0.0000
83.0000,-86.5102,-0.0000
83.0000,-84.6939,-0.0000
83.0000,-82.8776,-0.0000
83.0000,-81.0612,-0.0000
83.0000,-79.2449,-0.0000
83.0000,-77.4286,-0.0000
83.0000,-75.6122,-0.0000
83.0000,-73.7959,-0.0000
83.0000,-71.9796,-0.0000
83.0000,-70.1633,-0.0000
83.0000,-68.3469,-0.0002
83.0000,-66.5306,-0.0254
83.0000,-64.7143,-0.5046
83.0000,-62.8980,-1.9223
83.0000,-61.0816,-1.4072
83.0000,-59.2653,-0.1979
83.0000,-57.4490,-0.0053
83.0000,-55.6327,-0.0000
83.0000,-53.8163,-0.0000
83.0000,-52.0000,-0.0000
